"27534301;;https://www.manomano.fr"
"24167349;;https://www.manomano.fr"
"24167293;;https://www.manomano.fr"
"27662657;;https://www.manomano.fr"
"27662658;;https://www.manomano.fr"
"24167471;;https://www.manomano.fr"
"27662650;;https://www.manomano.fr"
"27662648;;https://www.manomano.fr"
"27028238;;https://www.manomano.fr"
"27028239;;https://www.manomano.fr"
"27028236;;https://www.manomano.fr"
"27028237;;https://www.manomano.fr"
"8734148;;https://www.manomano.fr"
"8734143;;https://www.manomano.fr"
"10028663;;https://www.manomano.fr"
"8734234;;https://www.manomano.fr"
"9056570;;https://www.manomano.fr"
"9969409;;https://www.manomano.fr"
"8734145;;https://www.manomano.fr"
"16769608;;https://www.manomano.fr"
"16769616;;https://www.manomano.fr"
"16769613;;https://www.manomano.fr"
"16769610;;https://www.manomano.fr"
"5017640;;https://www.manomano.fr"
"5017639;;https://www.manomano.fr"
"14054346;;https://www.manomano.fr"
"14054347;;https://www.manomano.fr"
"14054348;;https://www.manomano.fr"
"14054349;;https://www.manomano.fr"
"14054350;;https://www.manomano.fr"
"8734023;;https://www.manomano.fr"
"8733997;;https://www.manomano.fr"
"26033943;;https://www.manomano.fr"
"26033946;;https://www.manomano.fr"
"24167211;;https://www.manomano.fr"
"8734000;;https://www.manomano.fr"
"8734001;;https://www.manomano.fr"
"24167205;;https://www.manomano.fr"
"8734001;;https://www.manomano.fr"
"26033933;;https://www.manomano.fr"
"26033913;;https://www.manomano.fr"
"24167299;;https://www.manomano.fr"
"24167208;;https://www.manomano.fr"
"252961;;https://www.manomano.fr"
"8734021;;https://www.manomano.fr"
"8733972;;https://www.manomano.fr"
"10228347;;https://www.manomano.fr"
"10415795;;https://www.manomano.fr"
"5017662;;https://www.manomano.fr"
"11016354;;https://www.manomano.fr"
"8734121;;https://www.manomano.fr"
"8734122;;https://www.manomano.fr"
"8734237;;https://www.manomano.fr"
"8734087;;https://www.manomano.fr"
"9503409;;https://www.manomano.fr"
"9503410;;https://www.manomano.fr"
"23214808;;https://www.manomano.fr"
"16455436;;https://www.manomano.fr"
"16455437;;https://www.manomano.fr"
"30063985;;https://www.manomano.fr"
"24167516;;https://www.manomano.fr"
"24167469;;https://www.manomano.fr"
"24167465;;https://www.manomano.fr"
"8734050;;https://www.manomano.fr"
"10800718;;https://www.manomano.fr"
"5017663;;https://www.manomano.fr"
"8734066;;https://www.manomano.fr"
"8734184;;https://www.manomano.fr"
"16886354;;https://www.manomano.fr"
"24167511;;https://www.manomano.fr"
"10892096;;https://www.manomano.fr"
"19447826;;https://www.manomano.fr"
"19447827;;https://www.manomano.fr"
"5017678;;https://www.manomano.fr"
"8734064;;https://www.manomano.fr"
"253069;;https://www.manomano.fr"
"421456;;https://www.manomano.fr"
"5017660;;https://www.manomano.fr"
"11098365;;https://www.manomano.fr"
"8734094;;https://www.manomano.fr"
"8734228;;https://www.manomano.fr"
"8734036;debroussailleuse;https://www.manomano.fr"
"8734036;debroussailleuse electrique;https://www.manomano.fr"
"5017677;debroussailleuse;https://www.manomano.fr"
"5017677;debroussailleuse electrique;https://www.manomano.fr"
"8733973;debroussailleuse;https://www.manomano.fr"
"8733973;debroussailleuse thermique;https://www.manomano.fr"
"3244795;;https://www.manomano.fr"
"14027051;;https://www.manomano.fr"
"3244796;;https://www.manomano.fr"
"10703698;;https://www.manomano.fr"
"3244797;;https://www.manomano.fr"
"14935021;;https://www.manomano.fr"
"9634058;;https://www.manomano.fr"
"9455401;;https://www.manomano.fr"
"10663819;;https://www.manomano.fr"
"11966777;;https://www.manomano.fr"
"5017668;;https://www.manomano.fr"
"13136695;;https://www.manomano.fr"
"8733970;;https://www.manomano.fr"
"8733984;;https://www.manomano.fr"
"8733985;;https://www.manomano.fr"
"10028662;;https://www.manomano.fr"
"8733980;;https://www.manomano.fr"
"8733983;;https://www.manomano.fr"
"8733981;;https://www.manomano.fr"
"8733986;;https://www.manomano.fr"
"8733987;;https://www.manomano.fr"
"8734164;;https://www.manomano.fr"
"10441662;;https://www.manomano.fr"
"10441663;;https://www.manomano.fr"
"8733984;;https://www.manomano.fr"
"8733985;;https://www.manomano.fr"
"10028662;;https://www.manomano.fr"
"8733980;;https://www.manomano.fr"
"8733983;;https://www.manomano.fr"
"8733986;;https://www.manomano.fr"
"8733987;;https://www.manomano.fr"
"24167301;;https://www.manomano.fr"
"24167212;;https://www.manomano.fr"
"25562504;;https://www.manomano.fr"
"14693531;debroussailleuse;https://www.manomano.fr"
"14693531;debroussailleuse electrique;https://www.manomano.fr"
"8733968;;https://www.manomano.fr"
"8733969;;https://www.manomano.fr"
"9455398;;https://www.manomano.fr"
"3244792;;https://www.manomano.fr"
"3244793;;https://www.manomano.fr"
"3244798;;https://www.manomano.fr"
"13503920;;https://www.manomano.fr"
"24167273;debroussailleuse;https://www.manomano.fr"
"24167273;debroussailleuse electrique;https://www.manomano.fr"
"24167652;debroussailleuse;https://www.manomano.fr"
"24167652;debroussailleuse electrique;https://www.manomano.fr"
"8734158;;https://www.manomano.fr"
"8734159;;https://www.manomano.fr"
"12361643;;https://www.manomano.fr"
"12368626;;https://www.manomano.fr"
"12361638;;https://www.manomano.fr"
"8933060;debroussailleuse;https://www.manomano.fr"
"8933060;debroussailleuse thermique;https://www.manomano.fr"
"24167655;;https://www.manomano.fr"
"24167657;debroussailleuse;https://www.manomano.fr"
"24167657;debroussailleuse thermique;https://www.manomano.fr"
"25562514;debroussailleuse;https://www.manomano.fr"
"25562514;debroussailleuse thermique;https://www.manomano.fr"
"24167660;debroussailleuse;https://www.manomano.fr"
"24167660;debroussailleuse thermique;https://www.manomano.fr"
"24167663;debroussailleuse;https://www.manomano.fr"
"24167663;debroussailleuse thermique;https://www.manomano.fr"
"24167530;debroussailleuse;https://www.manomano.fr"
"24167530;debroussailleuse thermique;https://www.manomano.fr"
"24167668;debroussailleuse;https://www.manomano.fr"
"24167668;debroussailleuse thermique;https://www.manomano.fr"
"24167671;debroussailleuse;https://www.manomano.fr"
"24167671;debroussailleuse thermique;https://www.manomano.fr"
"24167675;debroussailleuse;https://www.manomano.fr"
"24167675;debroussailleuse thermique;https://www.manomano.fr"
"24167813;;https://www.manomano.fr"
"8734012;;https://www.manomano.fr"
"8734157;;https://www.manomano.fr"
"12361637;;https://www.manomano.fr"
"3244794;;https://www.manomano.fr"
"8734043;;https://www.manomano.fr"
"11168449;;https://www.manomano.fr"
"8734124;;https://www.manomano.fr"
"8734207;;https://www.manomano.fr"
"10273514;;https://www.manomano.fr"
"8734208;;https://www.manomano.fr"
"8734173;;https://www.manomano.fr"
"8734174;;https://www.manomano.fr"
"9549200;;https://www.manomano.fr"
"11844159;;https://www.manomano.fr"
"24167937;;https://www.manomano.fr"
"24167942;;https://www.manomano.fr"
"24167946;;https://www.manomano.fr"
"24167947;;https://www.manomano.fr"
"24167951;;https://www.manomano.fr"
"24167956;;https://www.manomano.fr"
"24167958;;https://www.manomano.fr"
"24168088;;https://www.manomano.fr"
"24168005;;https://www.manomano.fr"
"24168008;;https://www.manomano.fr"
"24168011;;https://www.manomano.fr"
"24168014;;https://www.manomano.fr"
"24168017;;https://www.manomano.fr"
"24168020;;https://www.manomano.fr"
"10322738;;https://www.manomano.fr"
"10322739;;https://www.manomano.fr"
"10322740;;https://www.manomano.fr"
"8734179;;https://www.manomano.fr"
"8734072;;https://www.manomano.fr"
"8734070;;https://www.manomano.fr"
"8734181;;https://www.manomano.fr"
"8890719;;https://www.manomano.fr"
"15584321;;https://www.manomano.fr"
"12933714;;https://www.manomano.fr"
"24167796;;https://www.manomano.fr"
"24167800;;https://www.manomano.fr"
"24167791;;https://www.manomano.fr"
"24168022;;https://www.manomano.fr"
"24167679;;https://www.manomano.fr"
"24167831;;https://www.manomano.fr"
"24168119;;https://www.manomano.fr"
"9267185;;https://www.manomano.fr"
"9267184;;https://www.manomano.fr"
"10153404;;https://www.manomano.fr"
"9267187;;https://www.manomano.fr"
"10028674;;https://www.manomano.fr"
"24167330;;https://www.manomano.fr"
"8734216;;https://www.manomano.fr"
"11195436;;https://www.manomano.fr"
"8734175;;https://www.manomano.fr"
"24167371;;https://www.manomano.fr"
"24167383;;https://www.manomano.fr"
"24167385;;https://www.manomano.fr"
"24167477;;https://www.manomano.fr"
"24167681;;https://www.manomano.fr"
"24167788;;https://www.manomano.fr"
"24167784;;https://www.manomano.fr"
"24167404;;https://www.manomano.fr"
"24167410;;https://www.manomano.fr"
"24167415;;https://www.manomano.fr"
"24167421;;https://www.manomano.fr"
"25562498;;https://www.manomano.fr"
"24167514;;https://www.manomano.fr"
"24167714;;https://www.manomano.fr"
"24167804;;https://www.manomano.fr"
"24167507;;https://www.manomano.fr"
"24167504;;https://www.manomano.fr"
"24167826;;https://www.manomano.fr"
"24167829;;https://www.manomano.fr"
"24168041;;https://www.manomano.fr"
"24167983;;https://www.manomano.fr"
"24167986;;https://www.manomano.fr"
"24168042;;https://www.manomano.fr"
"24168080;;https://www.manomano.fr"
"8734215;;https://www.manomano.fr"
"10322737;;https://www.manomano.fr"
"9431211;;https://www.manomano.fr"
"11195437;;https://www.manomano.fr"
"10228349;;https://www.manomano.fr"
"9083083;;https://www.manomano.fr"
"9177860;;https://www.manomano.fr"
"9083081;;https://www.manomano.fr"
"9083082;;https://www.manomano.fr"
"11195439;;https://www.manomano.fr"
"8734217;;https://www.manomano.fr"
"10034938;;https://www.manomano.fr"
"9177858;;https://www.manomano.fr"
"10187266;;https://www.manomano.fr"
"24167508;;https://www.manomano.fr"
"24167510;;https://www.manomano.fr"
"24167539;;https://www.manomano.fr"
"24167550;;https://www.manomano.fr"
"8734211;;https://www.manomano.fr"
"24168001;;https://www.manomano.fr"
"24168030;;https://www.manomano.fr"
"24168033;;https://www.manomano.fr"
"24167991;;https://www.manomano.fr"
"24167993;;https://www.manomano.fr"
"10187267;;https://www.manomano.fr"
"10034939;;https://www.manomano.fr"
"10034940;;https://www.manomano.fr"
"17209207;;https://www.manomano.fr"
"15549875;;https://www.manomano.fr"
"15584319;;https://www.manomano.fr"
"8734062;;https://www.manomano.fr"
"8734074;;https://www.manomano.fr"
"5017672;;https://www.manomano.fr"
"8734186;;https://www.manomano.fr"
"10273513;;https://www.manomano.fr"
"8734013;;https://www.manomano.fr"
"20480669;;https://www.manomano.fr"
"20480667;;https://www.manomano.fr"
"8734194;;https://www.manomano.fr"
"18912040;;https://www.manomano.fr"
"19309072;;https://www.manomano.fr"
"19309070;;https://www.manomano.fr"
"18871686;;https://www.manomano.fr"
"18912039;;https://www.manomano.fr"
"19309076;;https://www.manomano.fr"
"23484220;;https://www.manomano.fr"
"24336526;;https://www.manomano.fr"
"18940769;;https://www.manomano.fr"
"18871691;;https://www.manomano.fr"
"23484217;;https://www.manomano.fr"
"24336524;;https://www.manomano.fr"
"18871680;;https://www.manomano.fr"
"22670183;;https://www.manomano.fr"
"23744997;;https://www.manomano.fr"
"26357754;;https://www.manomano.fr"
"18912041;;https://www.manomano.fr"
"19309074;;https://www.manomano.fr"
"19309075;;https://www.manomano.fr"
"18871702;;https://www.manomano.fr"
"18871696;debroussailleuse;https://www.manomano.fr"
"18871696;debroussailleuse electrique;https://www.manomano.fr"
"19533025;;https://www.manomano.fr"
"23524514;;https://www.manomano.fr"
"19309073;;https://www.manomano.fr"
"23484223;;https://www.manomano.fr"
"24336525;;https://www.manomano.fr"
"19309071;;https://www.manomano.fr"
"27699297;;https://www.manomano.fr"
"27903076;;https://www.manomano.fr"
"27903078;;https://www.manomano.fr"
"23484228;;https://www.manomano.fr"
"24336523;;https://www.manomano.fr"
"3244776;;https://www.manomano.fr"
"26879239;;https://www.manomano.fr"
"13195317;;https://www.manomano.fr"
"24167249;;https://www.manomano.fr"
"24167808;;https://www.manomano.fr"
"8734061;;https://www.manomano.fr"
"8734205;;https://www.manomano.fr"
"8734035;debroussailleuse;https://www.manomano.fr"
"8734035;debroussailleuse thermique;https://www.manomano.fr"
"25562509;debroussailleuse;https://www.manomano.fr"
"25562509;debroussailleuse thermique;https://www.manomano.fr"
"24167322;debroussailleuse thermique;https://www.manomano.fr"
"24167322;debroussailleuse;https://www.manomano.fr"
"24240786;debroussailleuse thermique;https://www.manomano.fr"
"24240786;debroussailleuse thermique;https://www.manomano.fr"
"8734095;;https://www.manomano.fr"
"8734042;;https://www.manomano.fr"
"3244770;;https://www.manomano.fr"
"8734192;;https://www.manomano.fr"
"25625780;;https://www.manomano.fr"
"25625782;;https://www.manomano.fr"
"25625774;;https://www.manomano.fr"
"25625776;;https://www.manomano.fr"
"10284176;;https://www.manomano.fr"
"8734236;;https://www.manomano.fr"
"18384703;;https://www.manomano.fr"
"18384706;;https://www.manomano.fr"
"8734128;;https://www.manomano.fr"
"8734129;;https://www.manomano.fr"
"9126624;;https://www.manomano.fr"
"8734168;;https://www.manomano.fr"
"9850678;;https://www.manomano.fr"
"27923733;;https://www.manomano.fr"
"27923734;;https://www.manomano.fr"
"27923735;;https://www.manomano.fr"
"12331201;;https://www.manomano.fr"
"12331205;;https://www.manomano.fr"
"10091295;;https://www.manomano.fr"
"10034941;;https://www.manomano.fr"
"8734125;;https://www.manomano.fr"
"8734126;;https://www.manomano.fr"
"12033880;;https://www.manomano.fr"
"12265108;;https://www.manomano.fr"
"12265107;;https://www.manomano.fr"
"8734223;;https://www.manomano.fr"
"8734218;;https://www.manomano.fr"
"26389209;;https://www.manomano.fr"
"12361636;;https://www.manomano.fr"
"27641467;;https://www.manomano.fr"
"5017665;;https://www.manomano.fr"
"8734166;;https://www.manomano.fr"
"27662661;;https://www.manomano.fr"
"5017666;;https://www.manomano.fr"
"8734160;;https://www.manomano.fr"
"8734161;;https://www.manomano.fr"
"12331198;;https://www.manomano.fr"
"10549401;;https://www.manomano.fr"
"24167866;;https://www.manomano.fr"
"24167869;;https://www.manomano.fr"
"24167871;;https://www.manomano.fr"
"24167908;;https://www.manomano.fr"
"24167875;;https://www.manomano.fr"
"24167846;;https://www.manomano.fr"
"26033963;;https://www.manomano.fr"
"24167880;;https://www.manomano.fr"
"24167885;;https://www.manomano.fr"
"24167888;;https://www.manomano.fr"
"24167891;;https://www.manomano.fr"
"24167896;;https://www.manomano.fr"
"24167849;;https://www.manomano.fr"
"24167898;;https://www.manomano.fr"
"24167852;;https://www.manomano.fr"
"24167902;;https://www.manomano.fr"
"24167855;;https://www.manomano.fr"
"24167860;;https://www.manomano.fr"
"24167864;;https://www.manomano.fr"
"3244784;;https://www.manomano.fr"
"8734078;;https://www.manomano.fr"
"3244777;;https://www.manomano.fr"
"26033919;;https://www.manomano.fr"
"24167233;;https://www.manomano.fr"
"24167318;;https://www.manomano.fr"
"26033916;;https://www.manomano.fr"
"24167247;;https://www.manomano.fr"
"24167220;;https://www.manomano.fr"
"24167365;;https://www.manomano.fr"
"24167541;;https://www.manomano.fr"
"24167203;;https://www.manomano.fr"
"24167554;;https://www.manomano.fr"
"24167222;;https://www.manomano.fr"
"24167544;;https://www.manomano.fr"
"24167556;;https://www.manomano.fr"
"24167545;;https://www.manomano.fr"
"24167223;;https://www.manomano.fr"
"24167777;;https://www.manomano.fr"
"26033927;;https://www.manomano.fr"
"24167315;;https://www.manomano.fr"
"24167279;;https://www.manomano.fr"
"24167459;;https://www.manomano.fr"
"24167227;;https://www.manomano.fr"
"24167548;;https://www.manomano.fr"
"24167684;;https://www.manomano.fr"
"24167774;;https://www.manomano.fr"
"24167246;;https://www.manomano.fr"
"24167276;;https://www.manomano.fr"
"27534302;;https://www.manomano.fr"
"8734063;;https://www.manomano.fr"
"5017685;;https://www.manomano.fr"
"24167290;;https://www.manomano.fr"
"24167370;;https://www.manomano.fr"
"8734188;debroussailleuse;https://www.manomano.fr"
"8734188;debroussailleuse thermique;https://www.manomano.fr"
"5017674;;https://www.manomano.fr"
"24168076;;https://www.manomano.fr"
"15584323;;https://www.manomano.fr"
"24168127;;https://www.manomano.fr"
"15584323;;https://www.manomano.fr"
"24168144;;https://www.manomano.fr"
"3244778;;https://www.manomano.fr"
"24167915;;https://www.manomano.fr"
"24167378;;https://www.manomano.fr"
"24167381;;https://www.manomano.fr"
"24167388;;https://www.manomano.fr"
"24167391;;https://www.manomano.fr"
"24167394;;https://www.manomano.fr"
"24167978;;https://www.manomano.fr"
"24167424;;https://www.manomano.fr"
"24167426;;https://www.manomano.fr"
"24167429;;https://www.manomano.fr"
"24167722;;https://www.manomano.fr"
"24167971;;https://www.manomano.fr"
"24167975;;https://www.manomano.fr"
"3244789;;https://www.manomano.fr"
"23481744;;https://www.manomano.fr"
"27200334;;https://www.manomano.fr"
"8734176;;https://www.manomano.fr"
"24167911;;https://www.manomano.fr"
"24167611;;https://www.manomano.fr"
"24167521;;https://www.manomano.fr"
"24167524;;https://www.manomano.fr"
"24167527;;https://www.manomano.fr"
"24167528;;https://www.manomano.fr"
"24167717;;https://www.manomano.fr"
"24167708;;https://www.manomano.fr"
"24167725;;https://www.manomano.fr"
"24167729;;https://www.manomano.fr"
"24167733;;https://www.manomano.fr"
"24167688;;https://www.manomano.fr"
"24168148;;https://www.manomano.fr"
"8734153;;https://www.manomano.fr"
"8734163;;https://www.manomano.fr"
"24167430;;https://www.manomano.fr"
"24167451;;https://www.manomano.fr"
"24167454;;https://www.manomano.fr"
"24167445;;https://www.manomano.fr"
"24167447;;https://www.manomano.fr"
"24167562;;https://www.manomano.fr"
"24167818;;https://www.manomano.fr"
"24167586;;https://www.manomano.fr"
"24167448;;https://www.manomano.fr"
"3244775;debroussailleuse thermique;https://www.manomano.fr"
"3244775;debroussailleuse;https://www.manomano.fr"
"8734222;debroussailleuse thermique;https://www.manomano.fr"
"8734222;debroussailleuse;https://www.manomano.fr"
"24167552;debroussailleuse thermique;https://www.manomano.fr"
"24167552;debroussailleuse;https://www.manomano.fr"
"30443658;debroussailleuse thermique;https://www.manomano.fr"
"30443658;debroussailleuse;https://www.manomano.fr"
"8843873;;https://www.manomano.fr"
"8734040;debroussailleuse thermique;https://www.manomano.fr"
"8734040;debroussailleuse;https://www.manomano.fr"
"8734229;debroussailleuse thermique;https://www.manomano.fr"
"8734229;debroussailleuse;https://www.manomano.fr"
"8734138;debroussailleuse thermique;https://www.manomano.fr"
"8734138;debroussailleuse;https://www.manomano.fr"
"3244781;debroussailleuse thermique;https://www.manomano.fr"
"3244781;debroussailleuse;https://www.manomano.fr"
"8734180;debroussailleuse thermique;https://www.manomano.fr"
"8734180;debroussailleuse;https://www.manomano.fr"
"13226180;;https://www.manomano.fr"
"5017667;;https://www.manomano.fr"
"12331194;;https://www.manomano.fr"
"8733979;;https://www.manomano.fr"
"9060965;debroussailleuse thermique;https://www.manomano.fr"
"9060965;debroussailleuse;https://www.manomano.fr"
"8734187;debroussailleuse thermique;https://www.manomano.fr"
"8734187;debroussailleuse;https://www.manomano.fr"
"30443660;debroussailleuse thermique;https://www.manomano.fr"
"30443660;debroussailleuse;https://www.manomano.fr"
"24167267;;https://www.manomano.fr"
"17597405;;https://www.manomano.fr"
"13651623;;https://www.manomano.fr"
"8734206;;https://www.manomano.fr"
"8734212;;https://www.manomano.fr"
"24167484;;https://www.manomano.fr"
"24167479;;https://www.manomano.fr"
"24167754;;https://www.manomano.fr"
"28356228;;https://www.manomano.fr"
"24167485;;https://www.manomano.fr"
"24167487;;https://www.manomano.fr"
"24167491;;https://www.manomano.fr"
"24167493;;https://www.manomano.fr"
"24167647;;https://www.manomano.fr"
"24167747;;https://www.manomano.fr"
"8949132;;https://www.manomano.fr"
"8949131;;https://www.manomano.fr"
"24168131;;https://www.manomano.fr"
"8733978;;https://www.manomano.fr"
"8734141;;https://www.manomano.fr"
"24167396;;https://www.manomano.fr"
"24167374;;https://www.manomano.fr"
"8734089;;https://www.manomano.fr"
"24168084;;https://www.manomano.fr"
"24168050;;https://www.manomano.fr"
"24168059;;https://www.manomano.fr"
"24168053;;https://www.manomano.fr"
"11432786;tondeuse thermique;https://www.manomano.fr"
"11432786;tondeuse autotract�e;https://www.manomano.fr"
"11432784;tondeuse thermique;https://www.manomano.fr"
"11432784;tondeuse autotract�e;https://www.manomano.fr"
"18668181;Tondeuse thermique autotract�e;https://www.manomano.fr"
"18668181;tondeuse thermique;https://www.manomano.fr"
"8734210;;https://www.manomano.fr"
"8734213;;https://www.manomano.fr"
"8734209;;https://www.manomano.fr"
"10940006;;https://www.manomano.fr"
"10940008;;https://www.manomano.fr"
"11432783;;https://www.manomano.fr"
"5017664;;https://www.manomano.fr"
"8734028;;https://www.manomano.fr"
"8734118;;https://www.manomano.fr"
"12361648;;https://www.manomano.fr"
"12361649;;https://www.manomano.fr"
"14431950;debroussailleuse;https://www.manomano.fr"
"14431950;debroussailleuse thermique;https://www.manomano.fr"
"24167432;;https://www.manomano.fr"
"24167435;;https://www.manomano.fr"
"24167436;;https://www.manomano.fr"
"24167438;;https://www.manomano.fr"
"8734162;;https://www.manomano.fr"
"24167520;;https://www.manomano.fr"
"24167692;;https://www.manomano.fr"
"8734167;debroussailleuse;https://www.manomano.fr"
"8734167;debroussailleuse thermique;https://www.manomano.fr"
"24167761;;https://www.manomano.fr"
"9694062;;https://www.manomano.fr"
"10240408;;https://www.manomano.fr"
"23798793;;https://www.manomano.fr"
"8734116;;https://www.manomano.fr"
"9126628;;https://www.manomano.fr"
"5017629;;https://www.manomano.fr"
"9126626;;https://www.manomano.fr"
"27278261;;https://www.manomano.fr"
"18072255;;https://www.manomano.fr"
"18072255;;https://www.manomano.fr"
"18072244;;https://www.manomano.fr"
"13085780;;https://www.manomano.fr"
"12361641;;https://www.manomano.fr"
"8734120;;https://www.manomano.fr"
"8734076;;https://www.manomano.fr"
"12361647;;https://www.manomano.fr"
"12361645;;https://www.manomano.fr"
"12331211;;https://www.manomano.fr"
"8734027;;https://www.manomano.fr"
"30756929;;https://www.manomano.fr"
"8734195;;https://www.manomano.fr"
"18348369;;https://www.manomano.fr"
"18384699;;https://www.manomano.fr"
"18326486;;https://www.manomano.fr"
"10028671;;https://www.manomano.fr"
"8843338;;https://www.manomano.fr"
"24167757;;https://www.manomano.fr"
"8733976;;https://www.manomano.fr"
"13740634;;https://www.manomano.fr"
"10318191;;https://www.manomano.fr"
"24167697;;https://www.manomano.fr"
"24167604;;https://www.manomano.fr"
"24168078;;https://www.manomano.fr"
"5017632;;https://www.manomano.fr"
"24167615;;https://www.manomano.fr"
"24167607;;https://www.manomano.fr"
"24168054;;https://www.manomano.fr"
"8734233;;https://www.manomano.fr"
"8734225;;https://www.manomano.fr"
"24168063;;https://www.manomano.fr"
"24168060;;https://www.manomano.fr"
"24168065;;https://www.manomano.fr"
"24168068;;https://www.manomano.fr"
"8734224;;https://www.manomano.fr"
"24168070;;https://www.manomano.fr"
"24168073;;https://www.manomano.fr"
"12361640;;https://www.manomano.fr"
"12361646;;https://www.manomano.fr"
"12361644;;https://www.manomano.fr"
"12331216;;https://www.manomano.fr"
"12331219;;https://www.manomano.fr"
"13700842;;https://www.manomano.fr"
"13700843;;https://www.manomano.fr"
"13700844;;https://www.manomano.fr"
"13700845;;https://www.manomano.fr"
"13700848;;https://www.manomano.fr"
"13700847;;https://www.manomano.fr"
"13700849;;https://www.manomano.fr"
"12361651;;https://www.manomano.fr"
"27481382;;https://www.manomano.fr"
"27481388;;https://www.manomano.fr"
"27481396;;https://www.manomano.fr"
"27481393;;https://www.manomano.fr"
"5124742;;https://www.manomano.fr"
"8734045;;https://www.manomano.fr"
"421598;;https://www.manomano.fr"
"8734099;;https://www.manomano.fr"
"6377715;;https://www.manomano.fr"
"5527882;;https://www.manomano.fr"
"8734059;;https://www.manomano.fr"
"4767312;;https://www.manomano.fr"
"8734020;;https://www.manomano.fr"
"8734197;;https://www.manomano.fr"
"8734140;;https://www.manomano.fr"
"5017631;;https://www.manomano.fr"
"11195438;;https://www.manomano.fr"
"9455402;;https://www.manomano.fr"
"8734235;;https://www.manomano.fr"
"8733963;;https://www.manomano.fr"
"15865391;;https://www.manomano.fr"
"8734154;;https://www.manomano.fr"
"8734172;;https://www.manomano.fr"
"8733964;;https://www.manomano.fr"
"8733960;;https://www.manomano.fr"
"8734155;;https://www.manomano.fr"
"8733959;;https://www.manomano.fr"
"14785230;;https://www.manomano.fr"
"9503408;;https://www.manomano.fr"
"8734085;;https://www.manomano.fr"
"8734086;;https://www.manomano.fr"
"8734084;;https://www.manomano.fr"
"27662655;;https://www.manomano.fr"
"27662651;;https://www.manomano.fr"
"27662656;;https://www.manomano.fr"
"27662664;;https://www.manomano.fr"
"27662653;;https://www.manomano.fr"
"27662652;;https://www.manomano.fr"
"24167244;;https://www.manomano.fr"
"9455395;;https://www.manomano.fr"
"8734008;;https://www.manomano.fr"
"24167310;;https://www.manomano.fr"
"24167328;;https://www.manomano.fr"
"26033930;;https://www.manomano.fr"
"27923731;;https://www.manomano.fr"
"27923732;;https://www.manomano.fr"
"23481717;;https://www.manomano.fr"
"24167195;;https://www.manomano.fr"
"24167198;;https://www.manomano.fr"
"27200329;debroussailleuse;https://www.manomano.fr"
"27200329;debroussailleuse thermique;https://www.manomano.fr"
"24167200;;https://www.manomano.fr"
"24167340;;https://www.manomano.fr"
"24168121;;https://www.manomano.fr"
"23481738;;https://www.manomano.fr"
"24167337;;https://www.manomano.fr"
"24167251;;https://www.manomano.fr"
"24167502;;https://www.manomano.fr"
"24167254;;https://www.manomano.fr"
"24167305;;https://www.manomano.fr"
"24167458;;https://www.manomano.fr"
"24167519;;https://www.manomano.fr"
"24167822;;https://www.manomano.fr"
"23481723;;https://www.manomano.fr"
"24167326;;https://www.manomano.fr"
"24167336;;https://www.manomano.fr"
"25562463;;https://www.manomano.fr"
"25562461;;https://www.manomano.fr"
"25229443;;https://www.manomano.fr"
"24167241;;https://www.manomano.fr"
"24167341;;https://www.manomano.fr"
"24167563;debroussailleuse;https://www.manomano.fr"
"24167563;debroussailleuse thermique;https://www.manomano.fr"
"24167499;debroussailleuse;https://www.manomano.fr"
"24167499;debroussailleuse thermique;https://www.manomano.fr"
"24167367;debroussailleuse;https://www.manomano.fr"
"24167367;debroussailleuse thermique;https://www.manomano.fr"
"24167348;debroussailleuse;https://www.manomano.fr"
"24167348;debroussailleuse thermique;https://www.manomano.fr"
"24167286;;https://www.manomano.fr"
"24167474;;https://www.manomano.fr"
"23481740;;https://www.manomano.fr"
"8734029;debroussailleuse;https://www.manomano.fr"
"8734029;debroussailleuse thermique;https://www.manomano.fr"
"3244785;debroussailleuse;https://www.manomano.fr"
"3244785;debroussailleuse thermique;https://www.manomano.fr"
"27050812;;https://www.manomano.fr"
"24167464;;https://www.manomano.fr"
"27028233;;https://www.manomano.fr"
"27028243;;https://www.manomano.fr"
"27028242;;https://www.manomano.fr"
"27028240;;https://www.manomano.fr"
"27028244;;https://www.manomano.fr"
"27028245;;https://www.manomano.fr"
"25562492;;https://www.manomano.fr"
"23481715;debroussailleuse;https://www.manomano.fr"
"23481715;debroussailleuse thermique;https://www.manomano.fr"
"24167183;debroussailleuse;https://www.manomano.fr"
"24167298;debroussailleuse thermique;https://www.manomano.fr"
"24167298;debroussailleuse;https://www.manomano.fr"
"25562485;debroussailleuse thermique;https://www.manomano.fr"
"25562485;;https://www.manomano.fr"
"24167190;;https://www.manomano.fr"
"24167281;;https://www.manomano.fr"
"8733993;debroussailleuse;https://www.manomano.fr"
"8733993;debroussailleuse thermique;https://www.manomano.fr"
"8733988;debroussailleuse;https://www.manomano.fr"
"8733988;debroussailleuse thermique;https://www.manomano.fr"
"8733994;debroussailleuse;https://www.manomano.fr"
"8733994;debroussailleuse thermique;https://www.manomano.fr"
"8733989;debroussailleuse;https://www.manomano.fr"
"8733989;debroussailleuse thermique;https://www.manomano.fr"
"24167344;debroussailleuse;https://www.manomano.fr"
"24167344;debroussailleuse thermique;https://www.manomano.fr"
"8733990;debroussailleuse;https://www.manomano.fr"
"8733990;debroussailleuse thermique;https://www.manomano.fr"
"8733995;debroussailleuse;https://www.manomano.fr"
"8733995;debroussailleuse thermique;https://www.manomano.fr"
"8734024;;https://www.manomano.fr"
"8734114;;https://www.manomano.fr"
"8734104;;https://www.manomano.fr"
"8733996;;https://www.manomano.fr"
"8734137;;https://www.manomano.fr"
"8734051;debroussailleuse;https://www.manomano.fr"
"8734051;debroussailleuse thermique;https://www.manomano.fr"
"8734009;debroussailleuse;https://www.manomano.fr"
"8734009;debroussailleuse thermique;https://www.manomano.fr"
"9069450;debroussailleuse;https://www.manomano.fr"
"9069450;debroussailleuse thermique;https://www.manomano.fr"
"24167319;debroussailleuse;https://www.manomano.fr"
"24167319;debroussailleuse thermique;https://www.manomano.fr"
"9069453;;https://www.manomano.fr"
"8734022;;https://www.manomano.fr"
"23481714;debroussailleuse;https://www.manomano.fr"
"23481714;debroussailleuse thermique;https://www.manomano.fr"
"8733998;;https://www.manomano.fr"
"8733993;debroussailleuse;https://www.manomano.fr"
"8733993;debroussailleuse thermique;https://www.manomano.fr"
"8733994;debroussailleuse;https://www.manomano.fr"
"8733994;debroussailleuse thermique;https://www.manomano.fr"
"8733989;debroussailleuse;https://www.manomano.fr"
"8733989;debroussailleuse thermique;https://www.manomano.fr"
"24168025;debroussailleuse;https://www.manomano.fr"
"24168025;debroussailleuse thermique;https://www.manomano.fr"
"8733990;debroussailleuse;https://www.manomano.fr"
"8733990;debroussailleuse thermique;https://www.manomano.fr"
"8733995;debroussailleuse;https://www.manomano.fr"
"8733995;debroussailleuse thermique;https://www.manomano.fr"
"8734024;;https://www.manomano.fr"
"8734114;;https://www.manomano.fr"
"8734104;;https://www.manomano.fr"
"8734115;;https://www.manomano.fr"
"8733996;;https://www.manomano.fr"
"8734051;debroussailleuse;https://www.manomano.fr"
"8734051;debroussailleuse thermique;https://www.manomano.fr"
"8734009;debroussailleuse;https://www.manomano.fr"
"8734009;debroussailleuse thermique;https://www.manomano.fr"
"9069450;debroussailleuse;https://www.manomano.fr"
"9069450;debroussailleuse thermique;https://www.manomano.fr"
"9069453;;https://www.manomano.fr"
"8734022;;https://www.manomano.fr"
"23481714;debroussailleuse;https://www.manomano.fr"
"23481714;debroussailleuse thermique;https://www.manomano.fr"
"24167271;;https://www.manomano.fr"
"24167295;;https://www.manomano.fr"
"24167567;;https://www.manomano.fr"
"23481743;;https://www.manomano.fr"
"8734003;debroussailleuse;https://www.manomano.fr"
"8734003;debroussailleuse thermique;https://www.manomano.fr"
"8734004;;https://www.manomano.fr"
"8734056;;https://www.manomano.fr"
"8734010;;https://www.manomano.fr"
"10318192;debroussailleuse;https://www.manomano.fr"
"10318192;debroussailleuse thermique;https://www.manomano.fr"
"24167570;;https://www.manomano.fr"
"421058;;https://www.manomano.fr"
"9710944;;https://www.manomano.fr"
"24167214;debroussailleuse;https://www.manomano.fr"
"24167214;debroussailleuse thermique;https://www.manomano.fr"
"24339968;;https://www.manomano.fr"
"24167497;;https://www.manomano.fr"
"24167515;;https://www.manomano.fr"
"24167216;;https://www.manomano.fr"
"24167918;debroussailleuse;https://www.manomano.fr"
"24167918;debroussailleuse thermique;https://www.manomano.fr"
"23481718;debroussailleuse thermique;https://www.manomano.fr"
"23481718;debroussailleuse;https://www.manomano.fr"
"23481719;;https://www.manomano.fr"
"24167219;;https://www.manomano.fr"
"8734007;;https://www.manomano.fr"
"8734006;;https://www.manomano.fr"
"8734007;;https://www.manomano.fr"
"8734006;;https://www.manomano.fr"
"10187264;;https://www.manomano.fr"
"8734100;;https://www.manomano.fr"
"10028668;;https://www.manomano.fr"
"26852162;debroussailleuse thermique;https://www.manomano.fr"
"26852162;debroussailleuse;https://www.manomano.fr"
"24167573;debroussailleuse thermique;https://www.manomano.fr"
"24167573;debroussailleuse;https://www.manomano.fr"
"24167576;debroussailleuse thermique;https://www.manomano.fr"
"24167576;debroussailleuse;https://www.manomano.fr"
"24167356;debroussailleuse thermique;https://www.manomano.fr"
"24167356;debroussailleuse;https://www.manomano.fr"
"24167359;debroussailleuse thermique;https://www.manomano.fr"
"24167359;debroussailleuse;https://www.manomano.fr"
"24167362;debroussailleuse thermique;https://www.manomano.fr"
"24167362;debroussailleuse;https://www.manomano.fr"
"9634057;debroussailleuse thermique;https://www.manomano.fr"
"9634057;debroussailleuse;https://www.manomano.fr"
"26357752;;https://www.manomano.fr"
"24167232;;https://www.manomano.fr"
"24618233;;https://www.manomano.fr"
"24167239;;https://www.manomano.fr"
"27200333;;https://www.manomano.fr"
"27200331;;https://www.manomano.fr"
"24167263;;https://www.manomano.fr"
"24167238;;https://www.manomano.fr"
"24167265;;https://www.manomano.fr"
"5017657;;https://www.manomano.fr"
"24167332;;https://www.manomano.fr"
"24167283;;https://www.manomano.fr"
"24167353;;https://www.manomano.fr"
"24167304;;https://www.manomano.fr"
"24618237;;https://www.manomano.fr"
"24167440;;https://www.manomano.fr"
"24167399;;https://www.manomano.fr"
"24167531;;https://www.manomano.fr"
"24167532;;https://www.manomano.fr"
"24167533;;https://www.manomano.fr"
"24167928;;https://www.manomano.fr"
"25793381;;https://www.manomano.fr"
"24167702;;https://www.manomano.fr"
"24167535;;https://www.manomano.fr"
"24167579;;https://www.manomano.fr"
"24618244;;https://www.manomano.fr"
"24167536;;https://www.manomano.fr"
"24167537;;https://www.manomano.fr"
"24167770;;https://www.manomano.fr"
"24167619;;https://www.manomano.fr"
"24168048;;https://www.manomano.fr"
"24167932;;https://www.manomano.fr"
"24167934;;https://www.manomano.fr"
"24167581;;https://www.manomano.fr"
"24167781;;https://www.manomano.fr"
"24168044;;https://www.manomano.fr"
"24167637;;https://www.manomano.fr"
"24167743;;https://www.manomano.fr"
"24167640;;https://www.manomano.fr"
"24167644;;https://www.manomano.fr"
"24167739;;https://www.manomano.fr"
"27976061;;https://www.manomano.fr"
"27976064;;https://www.manomano.fr"
"27976075;;https://www.manomano.fr"
"27976071;;https://www.manomano.fr"
"5017654;;https://www.manomano.fr"
"28356227;;https://www.manomano.fr"
"27976069;;https://www.manomano.fr"
"27976073;;https://www.manomano.fr"
"27976077;;https://www.manomano.fr"
"27976057;;https://www.manomano.fr"
"27976060;;https://www.manomano.fr"
"27976066;;https://www.manomano.fr"
"5017676;;https://www.manomano.fr"
"27976074;;https://www.manomano.fr"
"8734017;;https://www.manomano.fr"
"8734018;;https://www.manomano.fr"
"10028664;;https://www.manomano.fr"
"8734034;;https://www.manomano.fr"
"8734033;;https://www.manomano.fr"
"8734015;;https://www.manomano.fr"
"8734032;;https://www.manomano.fr"
"10028665;;https://www.manomano.fr"
"8734016;;https://www.manomano.fr"
"12662421;;https://www.manomano.fr"
"8734031;;https://www.manomano.fr"
"8734030;;https://www.manomano.fr"
"24168138;;https://www.manomano.fr"
"24168092;;https://www.manomano.fr"
"24168097;;https://www.manomano.fr"
"24168091;;https://www.manomano.fr"
"24168037;;https://www.manomano.fr"
"24168114;;https://www.manomano.fr"
"24168112;;https://www.manomano.fr"
"24168117;;https://www.manomano.fr"
"24168111;;https://www.manomano.fr"
"24168108;;https://www.manomano.fr"
"3244779;;https://www.manomano.fr"
"24167443;;https://www.manomano.fr"
"24167601;;https://www.manomano.fr"
"27481379;;https://www.manomano.fr"
"27481389;;https://www.manomano.fr"
"27481395;;https://www.manomano.fr"
"27481381;;https://www.manomano.fr"
"27481384;;https://www.manomano.fr"
"27481385;;https://www.manomano.fr"
"27481391;;https://www.manomano.fr"
"27481390;;https://www.manomano.fr"
"27481386;;https://www.manomano.fr"
"24168105;;https://www.manomano.fr"
"24168103;;https://www.manomano.fr"
"10456064;;https://www.manomano.fr"
"24168100;;https://www.manomano.fr"
"24167838;;https://www.manomano.fr"
"24168094;;https://www.manomano.fr"
"24167626;;https://www.manomano.fr"
"24167921;;https://www.manomano.fr"
"24167623;;https://www.manomano.fr"
"24167633;;https://www.manomano.fr"
"10334804;;https://www.manomano.fr"
"24167962;;https://www.manomano.fr"
"24167629;;https://www.manomano.fr"
"24167968;;https://www.manomano.fr"
"24167965;;https://www.manomano.fr"
"24167989;;https://www.manomano.fr"
"27278246;;https://www.manomano.fr"
"27278247;;https://www.manomano.fr"
"27278266;;https://www.manomano.fr"
"27278240;;https://www.manomano.fr"
"27278262;;https://www.manomano.fr"
"27278264;;https://www.manomano.fr"
"27976048;;https://www.manomano.fr"
"10153403;;https://www.manomano.fr"
"27976052;;https://www.manomano.fr"
"27278242;;https://www.manomano.fr"
"27278249;;https://www.manomano.fr"
"27278257;;https://www.manomano.fr"
"27278250;;https://www.manomano.fr"
"9701359;;https://www.manomano.fr"
"27278243;;https://www.manomano.fr"
"27278270;;https://www.manomano.fr"
"27278268;;https://www.manomano.fr"
"27278267;;https://www.manomano.fr"
"27278244;;https://www.manomano.fr"
"27278263;;https://www.manomano.fr"
"27278255;;https://www.manomano.fr"
"27278256;;https://www.manomano.fr"
"27278269;;https://www.manomano.fr"
"27662666;;https://www.manomano.fr"
"8734088;;https://www.manomano.de"
"9069452;;https://www.manomano.de"
"8734148;;https://www.manomano.de"
"8734143;;https://www.manomano.de"
"8734144;;https://www.manomano.de"
"10028663;;https://www.manomano.de"
"8734146;;https://www.manomano.de"
"8734234;;https://www.manomano.de"
"8734147;;https://www.manomano.de"
"9056570;;https://www.manomano.de"
"10028669;;https://www.manomano.de"
"9969409;;https://www.manomano.de"
"8734145;;https://www.manomano.de"
"16769608;;https://www.manomano.de"
"16769612;;https://www.manomano.de"
"16769616;;https://www.manomano.de"
"16769613;;https://www.manomano.de"
"16769610;;https://www.manomano.de"
"26705125;;https://www.manomano.de"
"10228347;;https://www.manomano.de"
"10415795;;https://www.manomano.de"
"25229497;;https://www.manomano.de"
"5017678;;https://www.manomano.de"
"25229418;;https://www.manomano.de"
"8933060;motorsense;https://www.manomano.de"
"8933060;benzin-motorsense;https://www.manomano.de"
"9069456;;https://www.manomano.de"
"3244788;;https://www.manomano.de"
"5017628;;https://www.manomano.de"
"8734207;;https://www.manomano.de"
"10273514;;https://www.manomano.de"
"8734208;;https://www.manomano.de"
"9549200;;https://www.manomano.de"
"8843874;;https://www.manomano.de"
"9048549;;https://www.manomano.de"
"9048548;;https://www.manomano.de"
"9048550;;https://www.manomano.de"
"8734216;;https://www.manomano.de"
"8734215;;https://www.manomano.de"
"8734217;;https://www.manomano.de"
"10034938;;https://www.manomano.de"
"9177858;;https://www.manomano.de"
"26110447;;https://www.manomano.de"
"20480669;;https://www.manomano.de"
"8734194;;https://www.manomano.de"
"3244770;;https://www.manomano.de"
"25304054;;https://www.manomano.de"
"8734128;;https://www.manomano.de"
"9126624;;https://www.manomano.de"
"9172939;;https://www.manomano.de"
"9850678;;https://www.manomano.de"
"8734223;;https://www.manomano.de"
"3244784;;https://www.manomano.de"
"5017685;;https://www.manomano.de"
"3244778;;https://www.manomano.de"
"3244789;;https://www.manomano.de"
"8843873;;https://www.manomano.de"
"3244781;;https://www.manomano.de"
"5017667;;https://www.manomano.de"
"13651623;;https://www.manomano.de"
"8933059;;https://www.manomano.de"
"3244774;;https://www.manomano.de"
"5017683;;https://www.manomano.de"
"8734221;;https://www.manomano.de"
"8734133;;https://www.manomano.de"
"8734116;;https://www.manomano.de"
"5017629;;https://www.manomano.de"
"18072255;;https://www.manomano.de"
"5017632;;https://www.manomano.de"
"5017631;;https://www.manomano.de"
"8734085;;https://www.manomano.de"
"27200320;motorsense;https://www.manomano.de"
"27200320;benzin-motorsense;https://www.manomano.de"
"10318192;;https://www.manomano.de"
"26705113;;https://www.manomano.de"
"5017640;;https://www.manomano.de"
"5017639;;https://www.manomano.de"
"5017637;;https://www.manomano.de"
"5017636;;https://www.manomano.de"
"5017638;;https://www.manomano.de"
"8734108;;https://www.manomano.de"
"14054346;;https://www.manomano.de"
"14054347;;https://www.manomano.de"
"14054348;;https://www.manomano.de"
"14054349;;https://www.manomano.de"
"14054350;;https://www.manomano.de"
"10028672;;https://www.manomano.de"
"10028673;;https://www.manomano.de"
"9969410;;https://www.manomano.de"
"9634053;;https://www.manomano.de"
"9634054;;https://www.manomano.de"
"9634055;;https://www.manomano.de"
"9634056;;https://www.manomano.de"
"8733991;;https://www.manomano.de"
"8734023;;https://www.manomano.de"
"8733997;;https://www.manomano.de"
"8734000;;https://www.manomano.de"
"8734001;;https://www.manomano.de"
"252961;;https://www.manomano.de"
"252966;;https://www.manomano.de"
"8734021;;https://www.manomano.de"
"8733972;;https://www.manomano.de"
"10228347;;https://www.manomano.de"
"10415795;;https://www.manomano.de"
"5017662;;https://www.manomano.de"
"9172942;;https://www.manomano.de"
"11016354;;https://www.manomano.de"
"8734121;;https://www.manomano.de"
"8734122;;https://www.manomano.de"
"8734237;;https://www.manomano.de"
"8734087;;https://www.manomano.de"
"9503409;;https://www.manomano.de"
"9503410;;https://www.manomano.de"
"23214808;;https://www.manomano.de"
"16455436;;https://www.manomano.de"
"16455437;;https://www.manomano.de"
"8734050;;https://www.manomano.de"
"10800718;;https://www.manomano.de"
"5017663;;https://www.manomano.de"
"8734066;;https://www.manomano.de"
"8734193;;https://www.manomano.de"
"8734184;;https://www.manomano.de"
"16886354;;https://www.manomano.de"
"10892096;;https://www.manomano.de"
"19447826;;https://www.manomano.de"
"19447827;;https://www.manomano.de"
"5017678;;https://www.manomano.de"
"16949561;;https://www.manomano.de"
"16949562;;https://www.manomano.de"
"8734064;;https://www.manomano.de"
"253069;;https://www.manomano.de"
"421456;;https://www.manomano.de"
"5017660;;https://www.manomano.de"
"11098365;;https://www.manomano.de"
"8734094;;https://www.manomano.de"
"8734228;;https://www.manomano.de"
"8734036;motorsense;https://www.manomano.de"
"8734036;akku motorsense;https://www.manomano.de"
"5017677;motorsense;https://www.manomano.de"
"5017677;akku motorsense;https://www.manomano.de"
"8733973;motorsense;https://www.manomano.de"
"8733973;akku motorsense;https://www.manomano.de"
"3244795;;https://www.manomano.de"
"14027051;;https://www.manomano.de"
"3244796;;https://www.manomano.de"
"10703698;;https://www.manomano.de"
"3244797;;https://www.manomano.de"
"14935021;;https://www.manomano.de"
"9634058;;https://www.manomano.de"
"9455401;;https://www.manomano.de"
"10663819;;https://www.manomano.de"
"11966777;;https://www.manomano.de"
"5017668;;https://www.manomano.de"
"13136695;;https://www.manomano.de"
"8733970;;https://www.manomano.de"
"8734198;;https://www.manomano.de"
"24386354;;https://www.manomano.de"
"8734232;;https://www.manomano.de"
"24386362;;https://www.manomano.de"
"15584317;;https://www.manomano.de"
"8733992;;https://www.manomano.de"
"8733984;;https://www.manomano.de"
"8733985;;https://www.manomano.de"
"10028662;;https://www.manomano.de"
"8733980;;https://www.manomano.de"
"8733983;;https://www.manomano.de"
"8733981;;https://www.manomano.de"
"8733986;;https://www.manomano.de"
"8733987;;https://www.manomano.de"
"8734170;;https://www.manomano.de"
"8734164;;https://www.manomano.de"
"8734202;;https://www.manomano.de"
"8734220;;https://www.manomano.de"
"17964198;;https://www.manomano.de"
"10441662;;https://www.manomano.de"
"10441663;;https://www.manomano.de"
"19390391;;https://www.manomano.de"
"8733984;;https://www.manomano.de"
"8733985;;https://www.manomano.de"
"10028662;;https://www.manomano.de"
"8733980;;https://www.manomano.de"
"8733983;;https://www.manomano.de"
"8733986;;https://www.manomano.de"
"8733987;;https://www.manomano.de"
"8734201;;https://www.manomano.de"
"8734226;motorsense;https://www.manomano.de"
"8734226;akku motorsense;https://www.manomano.de"
"14693531;;https://www.manomano.de"
"14693531;;https://www.manomano.de"
"8734196;;https://www.manomano.de"
"14331704;;https://www.manomano.de"
"24434834;;https://www.manomano.de"
"14331716;;https://www.manomano.de"
"24386366;;https://www.manomano.de"
"13849871;;https://www.manomano.de"
"24386360;;https://www.manomano.de"
"14331710;;https://www.manomano.de"
"8734200;;https://www.manomano.de"
"8733968;;https://www.manomano.de"
"8734199;;https://www.manomano.de"
"8733969;;https://www.manomano.de"
"9455398;;https://www.manomano.de"
"3244792;;https://www.manomano.de"
"3244793;;https://www.manomano.de"
"3244798;;https://www.manomano.de"
"13503920;;https://www.manomano.de"
"8734158;;https://www.manomano.de"
"8734159;;https://www.manomano.de"
"12361643;;https://www.manomano.de"
"12368626;;https://www.manomano.de"
"12361638;;https://www.manomano.de"
"8734012;;https://www.manomano.de"
"8734157;;https://www.manomano.de"
"12361637;;https://www.manomano.de"
"3244794;;https://www.manomano.de"
"11635529;;https://www.manomano.de"
"12331189;;https://www.manomano.de"
"12331182;;https://www.manomano.de"
"3244788;;https://www.manomano.de"
"8734053;;https://www.manomano.de"
"9455399;;https://www.manomano.de"
"8734054;;https://www.manomano.de"
"8734055;;https://www.manomano.de"
"9455396;;https://www.manomano.de"
"8734011;;https://www.manomano.de"
"5017682;;https://www.manomano.de"
"5017628;;https://www.manomano.de"
"8734113;;https://www.manomano.de"
"8734219;;https://www.manomano.de"
"5017679;;https://www.manomano.de"
"8734043;;https://www.manomano.de"
"11168449;;https://www.manomano.de"
"8734124;;https://www.manomano.de"
"8734207;;https://www.manomano.de"
"10273514;;https://www.manomano.de"
"8734208;;https://www.manomano.de"
"8734014;;https://www.manomano.de"
"14331694;;https://www.manomano.de"
"8734173;;https://www.manomano.de"
"8734174;;https://www.manomano.de"
"9549200;;https://www.manomano.de"
"8734093;;https://www.manomano.de"
"11844159;;https://www.manomano.de"
"10322738;;https://www.manomano.de"
"10322739;;https://www.manomano.de"
"10322740;;https://www.manomano.de"
"8843874;;https://www.manomano.de"
"8734179;;https://www.manomano.de"
"8734072;;https://www.manomano.de"
"8734070;;https://www.manomano.de"
"8734181;;https://www.manomano.de"
"8890719;;https://www.manomano.de"
"15584321;;https://www.manomano.de"
"12933714;;https://www.manomano.de"
"9177859;;https://www.manomano.de"
"10228354;;https://www.manomano.de"
"9048548;;https://www.manomano.de"
"10434840;;https://www.manomano.de"
"10265682;;https://www.manomano.de"
"10340794;;https://www.manomano.de"
"9267185;;https://www.manomano.de"
"9267184;;https://www.manomano.de"
"9267186;;https://www.manomano.de"
"10153404;;https://www.manomano.de"
"9267187;;https://www.manomano.de"
"10028674;;https://www.manomano.de"
"10998726;;https://www.manomano.de"
"8734216;;https://www.manomano.de"
"11195436;;https://www.manomano.de"
"8734175;;https://www.manomano.de"
"8734215;;https://www.manomano.de"
"10322737;;https://www.manomano.de"
"9431211;;https://www.manomano.de"
"11195437;;https://www.manomano.de"
"10091294;;https://www.manomano.de"
"10228349;;https://www.manomano.de"
"9083083;;https://www.manomano.de"
"9177860;;https://www.manomano.de"
"9083081;;https://www.manomano.de"
"9083082;;https://www.manomano.de"
"11195439;;https://www.manomano.de"
"8734217;;https://www.manomano.de"
"10034938;;https://www.manomano.de"
"9177858;;https://www.manomano.de"
"10187266;;https://www.manomano.de"
"8734211;;https://www.manomano.de"
"10187267;;https://www.manomano.de"
"10034939;;https://www.manomano.de"
"10034940;;https://www.manomano.de"
"17209207;;https://www.manomano.de"
"15549875;;https://www.manomano.de"
"15584319;;https://www.manomano.de"
"8734062;;https://www.manomano.de"
"8734077;;https://www.manomano.de"
"8734074;;https://www.manomano.de"
"5017672;;https://www.manomano.de"
"8734185;;https://www.manomano.de"
"8734186;;https://www.manomano.de"
"10273513;;https://www.manomano.de"
"8734013;;https://www.manomano.de"
"8734194;;https://www.manomano.de"
"18912040;;https://www.manomano.de"
"19309072;;https://www.manomano.de"
"19309070;;https://www.manomano.de"
"18871686;;https://www.manomano.de"
"18912039;;https://www.manomano.de"
"19309076;;https://www.manomano.de"
"23484220;;https://www.manomano.de"
"24336526;;https://www.manomano.de"
"18940769;;https://www.manomano.de"
"18871691;;https://www.manomano.de"
"23484217;;https://www.manomano.de"
"24336524;;https://www.manomano.de"
"18871680;;https://www.manomano.de"
"22670183;;https://www.manomano.de"
"23744997;;https://www.manomano.de"
"26357754;;https://www.manomano.de"
"18912041;;https://www.manomano.de"
"19309074;;https://www.manomano.de"
"19309075;;https://www.manomano.de"
"18871702;;https://www.manomano.de"
"18871696;;https://www.manomano.de"
"18871696;;https://www.manomano.de"
"19533025;;https://www.manomano.de"
"19533025;;https://www.manomano.de"
"19309073;;https://www.manomano.de"
"23484223;;https://www.manomano.de"
"24336525;;https://www.manomano.de"
"19309071;;https://www.manomano.de"
"27699297;;https://www.manomano.de"
"27903076;;https://www.manomano.de"
"27903078;;https://www.manomano.de"
"23484228;;https://www.manomano.de"
"24336523;;https://www.manomano.de"
"3244776;;https://www.manomano.de"
"10434838;;https://www.manomano.de"
"26879239;;https://www.manomano.de"
"13195316;;https://www.manomano.de"
"13195317;;https://www.manomano.de"
"28183505;motorsense;https://www.manomano.de"
"28183505;akku motorsense;https://www.manomano.de"
"8734061;;https://www.manomano.de"
"8734205;;https://www.manomano.de"
"10273515;;https://www.manomano.de"
"8734035;;https://www.manomano.de"
"17998162;;https://www.manomano.de"
"8734095;;https://www.manomano.de"
"8733961;;https://www.manomano.de"
"8734042;;https://www.manomano.de"
"12361642;;https://www.manomano.de"
"11432787;;https://www.manomano.de"
"3244770;;https://www.manomano.de"
"8734192;;https://www.manomano.de"
"8734190;;https://www.manomano.de"
"10284176;;https://www.manomano.de"
"8734236;;https://www.manomano.de"
"18384703;;https://www.manomano.de"
"18384706;;https://www.manomano.de"
"8734128;;https://www.manomano.de"
"8734129;;https://www.manomano.de"
"9126624;;https://www.manomano.de"
"8734168;;https://www.manomano.de"
"9850678;;https://www.manomano.de"
"12331201;;https://www.manomano.de"
"12331205;;https://www.manomano.de"
"10091295;;https://www.manomano.de"
"10034941;;https://www.manomano.de"
"8734125;;https://www.manomano.de"
"8734126;;https://www.manomano.de"
"12224113;;https://www.manomano.de"
"12224118;;https://www.manomano.de"
"3244790;;https://www.manomano.de"
"8734127;;https://www.manomano.de"
"12033880;;https://www.manomano.de"
"12265108;;https://www.manomano.de"
"12265107;;https://www.manomano.de"
"8734223;;https://www.manomano.de"
"8734218;;https://www.manomano.de"
"12361636;;https://www.manomano.de"
"17998159;;https://www.manomano.de"
"27641467;;https://www.manomano.de"
"5017665;;https://www.manomano.de"
"10318194;;https://www.manomano.de"
"8734166;;https://www.manomano.de"
"16723652;;https://www.manomano.de"
"8734069;;https://www.manomano.de"
"16723656;;https://www.manomano.de"
"10318193;;https://www.manomano.de"
"16723660;;https://www.manomano.de"
"5017666;;https://www.manomano.de"
"8734160;;https://www.manomano.de"
"8734161;;https://www.manomano.de"
"12331198;;https://www.manomano.de"
"10549401;;https://www.manomano.de"
"9201187;;https://www.manomano.de"
"3244784;;https://www.manomano.de"
"8734078;;https://www.manomano.de"
"3244777;;https://www.manomano.de"
"5017669;;https://www.manomano.de"
"8734063;;https://www.manomano.de"
"5017685;;https://www.manomano.de"
"8734188;motorsense;https://www.manomano.de"
"8734188;benzin-motorsense;https://www.manomano.de"
"8734165;;https://www.manomano.de"
"5017674;;https://www.manomano.de"
"15584323;;https://www.manomano.de"
"15584323;;https://www.manomano.de"
"3244778;;https://www.manomano.de"
"8734177;;https://www.manomano.de"
"3244789;;https://www.manomano.de"
"8734176;;https://www.manomano.de"
"12361650;;https://www.manomano.de"
"8734153;;https://www.manomano.de"
"8734163;;https://www.manomano.de"
"3244775;motorsense;https://www.manomano.de"
"3244775;benzin-motorsense;https://www.manomano.de"
"3244775;;https://www.manomano.de"
"20934450;;https://www.manomano.de"
"8734222;motorsense;https://www.manomano.de"
"8734222;benzin-motorsense;https://www.manomano.de"
"8843873;;https://www.manomano.de"
"8734040;motorsense;https://www.manomano.de"
"8734040;benzin-motorsense;https://www.manomano.de"
"8734229;motorsense;https://www.manomano.de"
"8734229;benzin-motorsense;https://www.manomano.de"
"8734138;;https://www.manomano.de"
"8734182;;https://www.manomano.de"
"3244781;motorsense;https://www.manomano.de"
"3244781;benzin-motorsense;https://www.manomano.de"
"8734180;motorsense;https://www.manomano.de"
"8734180;benzin-motorsense;https://www.manomano.de"
"18146684;;https://www.manomano.de"
"13226180;;https://www.manomano.de"
"5017667;;https://www.manomano.de"
"12331194;;https://www.manomano.de"
"8733979;;https://www.manomano.de"
"9060965;motorsense;https://www.manomano.de"
"9060965;benzin-motorsense;https://www.manomano.de"
"8734187;motorsense;https://www.manomano.de"
"8734187;benzin-motorsense;https://www.manomano.de"
"17597405;;https://www.manomano.de"
"13651623;;https://www.manomano.de"
"8734206;;https://www.manomano.de"
"8734212;;https://www.manomano.de"
"8949132;;https://www.manomano.de"
"8949131;;https://www.manomano.de"
"8734149;;https://www.manomano.de"
"8734152;;https://www.manomano.de"
"17998163;;https://www.manomano.de"
"8733978;;https://www.manomano.de"
"8734081;;https://www.manomano.de"
"8734079;;https://www.manomano.de"
"8734141;;https://www.manomano.de"
"3244774;;https://www.manomano.de"
"8734089;;https://www.manomano.de"
"3244772;;https://www.manomano.de"
"9145830;;https://www.manomano.de"
"9145828;;https://www.manomano.de"
"8734171;;https://www.manomano.de"
"8734110;;https://www.manomano.de"
"9215068;;https://www.manomano.de"
"5017661;;https://www.manomano.de"
"29908561;;https://www.manomano.de"
"8734203;;https://www.manomano.de"
"11432786;;https://www.manomano.de"
"11432784;;https://www.manomano.de"
"18668181;;https://www.manomano.de"
"8734214;;https://www.manomano.de"
"8734210;;https://www.manomano.de"
"8734213;;https://www.manomano.de"
"8734209;;https://www.manomano.de"
"10940006;;https://www.manomano.de"
"10940008;;https://www.manomano.de"
"11432783;;https://www.manomano.de"
"8734204;;https://www.manomano.de"
"8734028;;https://www.manomano.de"
"8734118;;https://www.manomano.de"
"8734102;;https://www.manomano.de"
"8734103;;https://www.manomano.de"
"12361648;;https://www.manomano.de"
"12361649;;https://www.manomano.de"
"14431950;motorsense;https://www.manomano.de"
"14431950;benzin-motorsense;https://www.manomano.de"
"8734230;;https://www.manomano.de"
"8734162;;https://www.manomano.de"
"8734167;motorsense;https://www.manomano.de"
"8734167;benzin-motorsense;https://www.manomano.de"
"12242992;motorsense;https://www.manomano.de"
"12242992;benzin-motorsense;https://www.manomano.de"
"12242993;motorsense;https://www.manomano.de"
"12242993;benzin-motorsense;https://www.manomano.de"
"12242994;motorsense;https://www.manomano.de"
"12242994;benzin-motorsense;https://www.manomano.de"
"8734133;;https://www.manomano.de"
"3244780;;https://www.manomano.de"
"8734082;;https://www.manomano.de"
"9694062;;https://www.manomano.de"
"10240408;;https://www.manomano.de"
"23798793;;https://www.manomano.de"
"8734116;;https://www.manomano.de"
"9126628;;https://www.manomano.de"
"5017629;;https://www.manomano.de"
"9126626;;https://www.manomano.de"
"13085780;;https://www.manomano.de"
"12361641;;https://www.manomano.de"
"8734120;;https://www.manomano.de"
"8734076;;https://www.manomano.de"
"12361647;;https://www.manomano.de"
"12361645;;https://www.manomano.de"
"12331208;;https://www.manomano.de"
"12331211;;https://www.manomano.de"
"8734027;;https://www.manomano.de"
"12361639;;https://www.manomano.de"
"8734119;;https://www.manomano.de"
"8734195;;https://www.manomano.de"
"18348369;;https://www.manomano.de"
"18384699;;https://www.manomano.de"
"18326486;;https://www.manomano.de"
"10028671;;https://www.manomano.de"
"8843338;;https://www.manomano.de"
"8734150;;https://www.manomano.de"
"8734151;;https://www.manomano.de"
"8733976;;https://www.manomano.de"
"11548357;;https://www.manomano.de"
"8734019;;https://www.manomano.de"
"12785086;;https://www.manomano.de"
"13740634;;https://www.manomano.de"
"10940003;;https://www.manomano.de"
"10940009;;https://www.manomano.de"
"8734117;;https://www.manomano.de"
"3244791;;https://www.manomano.de"
"8734123;;https://www.manomano.de"
"8734096;;https://www.manomano.de"
"5017675;;https://www.manomano.de"
"10318191;;https://www.manomano.de"
"5017632;;https://www.manomano.de"
"8734233;;https://www.manomano.de"
"8734225;;https://www.manomano.de"
"8734224;;https://www.manomano.de"
"12361640;;https://www.manomano.de"
"12361646;;https://www.manomano.de"
"12361644;;https://www.manomano.de"
"12331216;;https://www.manomano.de"
"12331219;;https://www.manomano.de"
"13700841;;https://www.manomano.de"
"13700842;;https://www.manomano.de"
"13700843;;https://www.manomano.de"
"13700844;;https://www.manomano.de"
"13700845;;https://www.manomano.de"
"13700846;;https://www.manomano.de"
"13700848;;https://www.manomano.de"
"13700847;;https://www.manomano.de"
"13700849;;https://www.manomano.de"
"12361651;;https://www.manomano.de"
"9850679;;https://www.manomano.de"
"8734060;;https://www.manomano.de"
"5124742;;https://www.manomano.de"
"8734045;;https://www.manomano.de"
"421598;;https://www.manomano.de"
"8734099;;https://www.manomano.de"
"6377715;;https://www.manomano.de"
"5527882;;https://www.manomano.de"
"8734059;;https://www.manomano.de"
"4767312;;https://www.manomano.de"
"8734020;;https://www.manomano.de"
"18871672;;https://www.manomano.de"
"8734197;;https://www.manomano.de"
"8734140;;https://www.manomano.de"
"5017631;;https://www.manomano.de"
"11195438;;https://www.manomano.de"
"9455402;;https://www.manomano.de"
"8734235;;https://www.manomano.de"
"8733963;;https://www.manomano.de"
"15865391;;https://www.manomano.de"
"8734154;;https://www.manomano.de"
"8734172;;https://www.manomano.de"
"10028670;;https://www.manomano.de"
"8733964;;https://www.manomano.de"
"8733960;;https://www.manomano.de"
"8734155;;https://www.manomano.de"
"8733959;;https://www.manomano.de"
"14785230;;https://www.manomano.de"
"9503408;;https://www.manomano.de"
"8734085;;https://www.manomano.de"
"8734086;;https://www.manomano.de"
"8733999;;https://www.manomano.de"
"8734084;;https://www.manomano.de"
"8734084;;https://www.manomano.de"
"8734049;;https://www.manomano.de"
"9455395;;https://www.manomano.de"
"8734008;;https://www.manomano.de"
"8734029;motorsense;https://www.manomano.de"
"8734029;benzin-motorsense;https://www.manomano.de"
"8733993;;https://www.manomano.de"
"8733988;motorsense;https://www.manomano.de"
"8733988;benzin-motorsense;https://www.manomano.de"
"8733994;;https://www.manomano.de"
"8733989;;https://www.manomano.de"
"8733990;;https://www.manomano.de"
"8733995;;https://www.manomano.de"
"8734024;;https://www.manomano.de"
"8734114;;https://www.manomano.de"
"8734104;;https://www.manomano.de"
"8734115;;https://www.manomano.de"
"8733996;;https://www.manomano.de"
"8734137;;https://www.manomano.de"
"8734051;;https://www.manomano.de"
"8734009;motorsense;https://www.manomano.de"
"8734009;benzin-motorsense;https://www.manomano.de"
"9069450;;https://www.manomano.de"
"8733982;;https://www.manomano.de"
"9069451;;https://www.manomano.de"
"9069453;;https://www.manomano.de"
"8734022;;https://www.manomano.de"
"9069454;motorsense;https://www.manomano.de"
"9069454;benzin-motorsense;https://www.manomano.de"
"8733998;;https://www.manomano.de"
"9517324;;https://www.manomano.de"
"11056411;;https://www.manomano.de"
"8734115;;https://www.manomano.de"
"9069452;;https://www.manomano.de"
"10273512;;https://www.manomano.de"
"8734005;;https://www.manomano.de"
"8734003;;https://www.manomano.de"
"8734004;;https://www.manomano.de"
"8734056;;https://www.manomano.de"
"5017655;;https://www.manomano.de"
"8734010;;https://www.manomano.de"
"10318192;;https://www.manomano.de"
"421058;;https://www.manomano.de"
"8734231;motorsense;https://www.manomano.de"
"8734231;benzin-motorsense;https://www.manomano.de"
"9710944;;https://www.manomano.de"
"13849870;;https://www.manomano.de"
"13849869;;https://www.manomano.de"
"8734007;;https://www.manomano.de"
"8734006;;https://www.manomano.de"
"10187264;;https://www.manomano.de"
"8734100;;https://www.manomano.de"
"10028668;;https://www.manomano.de"
"8734142;;https://www.manomano.de"
"9634057;motorsense;https://www.manomano.de"
"9634057;benzin-motorsense;https://www.manomano.de"
"10334803;;https://www.manomano.de"
"10334802;;https://www.manomano.de"
"8734091;;https://www.manomano.de"
"8734048;;https://www.manomano.de"
"421272;;https://www.manomano.de"
"421283;;https://www.manomano.de"
"6714244;;https://www.manomano.de"
"8734017;;https://www.manomano.de"
"8734018;;https://www.manomano.de"
"10028664;;https://www.manomano.de"
"8734034;;https://www.manomano.de"
"8734033;;https://www.manomano.de"
"8734015;;https://www.manomano.de"
"8734032;;https://www.manomano.de"
"10028665;;https://www.manomano.de"
"8734016;;https://www.manomano.de"
"12662421;;https://www.manomano.de"
"8734031;;https://www.manomano.de"
"8734030;;https://www.manomano.de"
"3244779;;https://www.manomano.de"
"10456064;;https://www.manomano.de"
"10334804;;https://www.manomano.de"
"10153403;;https://www.manomano.de"
"5017640;;https://www.manomano.co.uk"
"5017639;;https://www.manomano.co.uk"
"5017637;;https://www.manomano.co.uk"
"5017636;;https://www.manomano.co.uk"
"5017638;;https://www.manomano.co.uk"
"8734108;;https://www.manomano.co.uk"
"8734023;;https://www.manomano.co.uk"
"8734021;;https://www.manomano.co.uk"
"8733972;;https://www.manomano.co.uk"
"10228347;;https://www.manomano.co.uk"
"10415795;;https://www.manomano.co.uk"
"5017662;;https://www.manomano.co.uk"
"11016354;;https://www.manomano.co.uk"
"19447826;brush cutter;https://www.manomano.co.uk"
"19447826;cordless brush cutter;https://www.manomano.co.uk"
"19447827;;https://www.manomano.co.uk"
"5017678;;https://www.manomano.co.uk"
"16949562;;https://www.manomano.co.uk"
"5017660;;https://www.manomano.co.uk"
"8734036;brush cutter;https://www.manomano.co.uk"
"8734036;cordless brush cutter;https://www.manomano.co.uk"
"5017677;brush cutter;https://www.manomano.co.uk"
"5017677;cordless brush cutter;https://www.manomano.co.uk"
"3244796;;https://www.manomano.co.uk"
"10703698;;https://www.manomano.co.uk"
"3244797;;https://www.manomano.co.uk"
"14935021;;https://www.manomano.co.uk"
"13136695;;https://www.manomano.co.uk"
"8733968;;https://www.manomano.co.uk"
"8733969;;https://www.manomano.co.uk"
"3244792;;https://www.manomano.co.uk"
"8734158;;https://www.manomano.co.uk"
"8734159;;https://www.manomano.co.uk"
"8933060;;https://www.manomano.co.uk"
"8734012;;https://www.manomano.co.uk"
"8734157;;https://www.manomano.co.uk"
"26886773;;https://www.manomano.co.uk"
"11168449;;https://www.manomano.co.uk"
"8734124;;https://www.manomano.co.uk"
"8734207;;https://www.manomano.co.uk"
"10273514;;https://www.manomano.co.uk"
"8734208;;https://www.manomano.co.uk"
"11844159;;https://www.manomano.co.uk"
"8734181;;https://www.manomano.co.uk"
"10187266;;https://www.manomano.co.uk"
"8734211;;https://www.manomano.co.uk"
"10187267;;https://www.manomano.co.uk"
"10034939;;https://www.manomano.co.uk"
"10034940;;https://www.manomano.co.uk"
"8734186;;https://www.manomano.co.uk"
"20480669;;https://www.manomano.co.uk"
"20480667;;https://www.manomano.co.uk"
"8734194;;https://www.manomano.co.uk"
"18912040;;https://www.manomano.co.uk"
"19309072;;https://www.manomano.co.uk"
"19309070;;https://www.manomano.co.uk"
"18871686;;https://www.manomano.co.uk"
"18912039;;https://www.manomano.co.uk"
"19309076;;https://www.manomano.co.uk"
"23484220;;https://www.manomano.co.uk"
"24491600;;https://www.manomano.co.uk"
"18940769;;https://www.manomano.co.uk"
"18871691;;https://www.manomano.co.uk"
"23484217;;https://www.manomano.co.uk"
"24556025;;https://www.manomano.co.uk"
"18871680;;https://www.manomano.co.uk"
"22670183;;https://www.manomano.co.uk"
"23744997;;https://www.manomano.co.uk"
"26369193;;https://www.manomano.co.uk"
"18912041;;https://www.manomano.co.uk"
"19309074;;https://www.manomano.co.uk"
"19309075;;https://www.manomano.co.uk"
"18871702;;https://www.manomano.co.uk"
"18871696;brush cutter;https://www.manomano.co.uk"
"18871696;cordless brush cutter;https://www.manomano.co.uk"
"23744996;;https://www.manomano.co.uk"
"19533025;;https://www.manomano.co.uk"
"26054618;;https://www.manomano.co.uk"
"19309073;;https://www.manomano.co.uk"
"23484223;;https://www.manomano.co.uk"
"24556026;;https://www.manomano.co.uk"
"19309071;;https://www.manomano.co.uk"
"23484228;;https://www.manomano.co.uk"
"24491599;;https://www.manomano.co.uk"
"26369192;;https://www.manomano.co.uk"
"10273515;;https://www.manomano.co.uk"
"8734035;;https://www.manomano.co.uk"
"8734042;;https://www.manomano.co.uk"
"8734128;;https://www.manomano.co.uk"
"8734129;;https://www.manomano.co.uk"
"9126624;;https://www.manomano.co.uk"
"8734168;;https://www.manomano.co.uk"
"9850678;;https://www.manomano.co.uk"
"8734125;;https://www.manomano.co.uk"
"8734126;;https://www.manomano.co.uk"
"23481755;;https://www.manomano.co.uk"
"5017665;;https://www.manomano.co.uk"
"8734166;;https://www.manomano.co.uk"
"8734160;;https://www.manomano.co.uk"
"25986446;;https://www.manomano.co.uk"
"10549401;;https://www.manomano.co.uk"
"3244784;;https://www.manomano.co.uk"
"8734078;;https://www.manomano.co.uk"
"3244777;;https://www.manomano.co.uk"
"26033919;;https://www.manomano.co.uk"
"8734063;;https://www.manomano.co.uk"
"8734063;;https://www.manomano.co.uk"
"5017685;;https://www.manomano.co.uk"
"8734165;;https://www.manomano.co.uk"
"5017674;;https://www.manomano.co.uk"
"3244778;;https://www.manomano.co.uk"
"3244789;;https://www.manomano.co.uk"
"23481744;;https://www.manomano.co.uk"
"8734176;;https://www.manomano.co.uk"
"24167911;;https://www.manomano.co.uk"
"8734153;;https://www.manomano.co.uk"
"8734163;;https://www.manomano.co.uk"
"3244775;brush cutter;https://www.manomano.co.uk"
"3244775;cordless brush cutter;https://www.manomano.co.uk"
"8734222;;https://www.manomano.co.uk"
"8843873;;https://www.manomano.co.uk"
"8734040;;https://www.manomano.co.uk"
"8734229;;https://www.manomano.co.uk"
"3244781;;https://www.manomano.co.uk"
"8734180;;https://www.manomano.co.uk"
"9060965;brush cutter;https://www.manomano.co.uk"
"9060965;cordless brush cutter;https://www.manomano.co.uk"
"8734187;;https://www.manomano.co.uk"
"8949131;;https://www.manomano.co.uk"
"8734141;;https://www.manomano.co.uk"
"11432786;;https://www.manomano.co.uk"
"11432784;;https://www.manomano.co.uk"
"18668181;;https://www.manomano.co.uk"
"8734214;;https://www.manomano.co.uk"
"8734210;;https://www.manomano.co.uk"
"8734213;;https://www.manomano.co.uk"
"8734209;;https://www.manomano.co.uk"
"10940006;;https://www.manomano.co.uk"
"26269644;;https://www.manomano.co.uk"
"8734204;;https://www.manomano.co.uk"
"8734028;;https://www.manomano.co.uk"
"8734162;;https://www.manomano.co.uk"
"8734167;brush cutter;https://www.manomano.co.uk"
"8734167;cordless brush cutter;https://www.manomano.co.uk"
"18072255;;https://www.manomano.co.uk"
"18072244;;https://www.manomano.co.uk"
"9701306;;https://www.manomano.co.uk"
"13085780;;https://www.manomano.co.uk"
"8734120;;https://www.manomano.co.uk"
"8734076;;https://www.manomano.co.uk"
"8734027;;https://www.manomano.co.uk"
"25953203;;https://www.manomano.co.uk"
"13740634;;https://www.manomano.co.uk"
"8734140;;https://www.manomano.co.uk"
"5017631;;https://www.manomano.co.uk"
"11195438;;https://www.manomano.co.uk"
"9455402;;https://www.manomano.co.uk"
"8734085;;https://www.manomano.co.uk"
"9455395;;https://www.manomano.co.uk"
"8734008;;https://www.manomano.co.uk"
"23481717;;https://www.manomano.co.uk"
"23481738;;https://www.manomano.co.uk"
"23481723;;https://www.manomano.co.uk"
"25562463;;https://www.manomano.co.uk"
"25229443;;https://www.manomano.co.uk"
"23481740;;https://www.manomano.co.uk"
"23481715;;https://www.manomano.co.uk"
"23481716;;https://www.manomano.co.uk"
"8733988;;https://www.manomano.co.uk"
"23481710;;https://www.manomano.co.uk"
"8734114;;https://www.manomano.co.uk"
"8734104;;https://www.manomano.co.uk"
"8733996;;https://www.manomano.co.uk"
"8734137;;https://www.manomano.co.uk"
"8734051;;https://www.manomano.co.uk"
"8734009;;https://www.manomano.co.uk"
"23481714;;https://www.manomano.co.uk"
"8734115;;https://www.manomano.co.uk"
"23481743;;https://www.manomano.co.uk"
"8734003;;https://www.manomano.co.uk"
"8734004;;https://www.manomano.co.uk"
"8734056;;https://www.manomano.co.uk"
"8734231;;https://www.manomano.co.uk"
"23481718;;https://www.manomano.co.uk"
"23481719;;https://www.manomano.co.uk"
"25727042;;https://www.manomano.co.uk"
"8734006;;https://www.manomano.co.uk"
"8734048;;https://www.manomano.co.uk"
"23481720;;https://www.manomano.co.uk"
"23481721;;https://www.manomano.co.uk"
